scenario,day,shift,demand
1,1,E,4
1,1,D,7
1,1,L,6
1,1,N,3
1,2,E,4
1,2,D,7
1,2,L,6
1,2,N,3
1,3,E,4
1,3,D,7
1,3,L,6
1,3,N,3
1,4,E,4
1,4,D,8
1,4,L,7
1,4,N,3
1,5,E,4
1,5,D,7
1,5,L,6
1,5,N,3
1,6,E,4
1,6,D,8
1,6,L,7
1,6,N,3
1,7,E,4
1,7,D,8
1,7,L,7
1,7,N,3
1,8,E,5
1,8,D,9
1,8,L,8
1,8,N,4
1,9,E,4
1,9,D,8
1,9,L,7
1,9,N,3
1,10,E,5
1,10,D,8
1,10,L,7
1,10,N,4
1,11,E,5
1,11,D,9
1,11,L,8
1,11,N,4
1,12,E,5
1,12,D,9
1,12,L,8
1,12,N,4
1,13,E,4
1,13,D,8
1,13,L,7
1,13,N,3
1,14,E,4
1,14,D,8
1,14,L,7
1,14,N,3
1,15,E,5
1,15,D,8
1,15,L,7
1,15,N,4
1,16,E,5
1,16,D,9
1,16,L,8
1,16,N,4
1,17,E,5
1,17,D,8
1,17,L,7
1,17,N,4
1,18,E,4
1,18,D,7
1,18,L,6
1,18,N,3
1,19,E,4
1,19,D,8
1,19,L,7
1,19,N,3
1,20,E,4
1,20,D,7
1,20,L,6
1,20,N,3
1,21,E,4
1,21,D,7
1,21,L,6
1,21,N,3
1,22,E,5
1,22,D,9
1,22,L,8
1,22,N,4
1,23,E,5
1,23,D,8
1,23,L,7
1,23,N,4
1,24,E,4
1,24,D,8
1,24,L,7
1,24,N,3
1,25,E,5
1,25,D,8
1,25,L,7
1,25,N,3
1,26,E,4
1,26,D,7
1,26,L,6
1,26,N,3
1,27,E,4
1,27,D,7
1,27,L,6
1,27,N,3
1,28,E,4
1,28,D,7
1,28,L,6
1,28,N,3
2,1,E,4
2,1,D,7
2,1,L,6
2,1,N,3
2,2,E,4
2,2,D,8
2,2,L,7
2,2,N,3
2,3,E,4
2,3,D,7
2,3,L,6
2,3,N,3
2,4,E,4
2,4,D,8
2,4,L,7
2,4,N,3
2,5,E,4
2,5,D,8
2,5,L,7
2,5,N,3
2,6,E,5
2,6,D,9
2,6,L,8
2,6,N,4
2,7,E,4
2,7,D,8
2,7,L,7
2,7,N,3
2,8,E,5
2,8,D,8
2,8,L,7
2,8,N,4
2,9,E,5
2,9,D,9
2,9,L,8
2,9,N,4
2,10,E,5
2,10,D,9
2,10,L,8
2,10,N,4
2,11,E,4
2,11,D,8
2,11,L,7
2,11,N,3
2,12,E,4
2,12,D,8
2,12,L,7
2,12,N,3
2,13,E,5
2,13,D,8
2,13,L,7
2,13,N,4
2,14,E,5
2,14,D,9
2,14,L,8
2,14,N,4
2,15,E,5
2,15,D,8
2,15,L,7
2,15,N,4
2,16,E,4
2,16,D,7
2,16,L,6
2,16,N,3
2,17,E,4
2,17,D,8
2,17,L,7
2,17,N,3
2,18,E,4
2,18,D,7
2,18,L,6
2,18,N,3
2,19,E,4
2,19,D,7
2,19,L,6
2,19,N,3
2,20,E,5
2,20,D,9
2,20,L,8
2,20,N,4
2,21,E,5
2,21,D,8
2,21,L,7
2,21,N,4
2,22,E,4
2,22,D,8
2,22,L,7
2,22,N,3
2,23,E,5
2,23,D,8
2,23,L,7
2,23,N,3
2,24,E,4
2,24,D,7
2,24,L,6
2,24,N,3
2,25,E,4
2,25,D,7
2,25,L,6
2,25,N,3
2,26,E,4
2,26,D,7
2,26,L,6
2,26,N,3
2,27,E,5
2,27,D,8
2,27,L,7
2,27,N,4
2,28,E,4
2,28,D,7
2,28,L,6
2,28,N,3
3,1,E,4
3,1,D,7
3,1,L,6
3,1,N,3
3,2,E,4
3,2,D,8
3,2,L,7
3,2,N,3
3,3,E,4
3,3,D,8
3,3,L,7
3,3,N,3
3,4,E,5
3,4,D,9
3,4,L,8
3,4,N,4
3,5,E,4
3,5,D,8
3,5,L,7
3,5,N,3
3,6,E,5
3,6,D,8
3,6,L,7
3,6,N,4
3,7,E,5
3,7,D,9
3,7,L,8
3,7,N,4
3,8,E,5
3,8,D,9
3,8,L,8
3,8,N,4
3,9,E,4
3,9,D,8
3,9,L,7
3,9,N,3
3,10,E,4
3,10,D,8
3,10,L,7
3,10,N,3
3,11,E,5
3,11,D,8
3,11,L,7
3,11,N,4
3,12,E,5
3,12,D,9
3,12,L,8
3,12,N,4
3,13,E,5
3,13,D,8
3,13,L,7
3,13,N,4
3,14,E,4
3,14,D,7
3,14,L,6
3,14,N,3
3,15,E,4
3,15,D,8
3,15,L,7
3,15,N,3
3,16,E,4
3,16,D,7
3,16,L,6
3,16,N,3
3,17,E,4
3,17,D,7
3,17,L,6
3,17,N,3
3,18,E,5
3,18,D,9
3,18,L,8
3,18,N,4
3,19,E,5
3,19,D,8
3,19,L,7
3,19,N,4
3,20,E,4
3,20,D,8
3,20,L,7
3,20,N,3
3,21,E,5
3,21,D,8
3,21,L,7
3,21,N,3
3,22,E,4
3,22,D,7
3,22,L,6
3,22,N,3
3,23,E,4
3,23,D,7
3,23,L,6
3,23,N,3
3,24,E,4
3,24,D,7
3,24,L,6
3,24,N,3
3,25,E,5
3,25,D,8
3,25,L,7
3,25,N,4
3,26,E,4
3,26,D,7
3,26,L,6
3,26,N,3
3,27,E,5
3,27,D,9
3,27,L,8
3,27,N,4
3,28,E,5
3,28,D,9
3,28,L,8
3,28,N,4
4,1,E,4
4,1,D,8
4,1,L,7
4,1,N,3
4,2,E,5
4,2,D,9
4,2,L,8
4,2,N,4
4,3,E,4
4,3,D,8
4,3,L,7
4,3,N,3
4,4,E,5
4,4,D,8
4,4,L,7
4,4,N,4
4,5,E,5
4,5,D,9
4,5,L,8
4,5,N,4
4,6,E,5
4,6,D,9
4,6,L,8
4,6,N,4
4,7,E,4
4,7,D,8
4,7,L,7
4,7,N,3
4,8,E,4
4,8,D,8
4,8,L,7
4,8,N,3
4,9,E,5
4,9,D,8
4,9,L,7
4,9,N,4
4,10,E,5
4,10,D,9
4,10,L,8
4,10,N,4
4,11,E,5
4,11,D,8
4,11,L,7
4,11,N,4
4,12,E,4
4,12,D,7
4,12,L,6
4,12,N,3
4,13,E,4
4,13,D,8
4,13,L,7
4,13,N,3
4,14,E,4
4,14,D,7
4,14,L,6
4,14,N,3
4,15,E,4
4,15,D,7
4,15,L,6
4,15,N,3
4,16,E,5
4,16,D,9
4,16,L,8
4,16,N,4
4,17,E,5
4,17,D,8
4,17,L,7
4,17,N,4
4,18,E,4
4,18,D,8
4,18,L,7
4,18,N,3
4,19,E,5
4,19,D,8
4,19,L,7
4,19,N,3
4,20,E,4
4,20,D,7
4,20,L,6
4,20,N,3
4,21,E,4
4,21,D,7
4,21,L,6
4,21,N,3
4,22,E,4
4,22,D,7
4,22,L,6
4,22,N,3
4,23,E,5
4,23,D,8
4,23,L,7
4,23,N,4
4,24,E,4
4,24,D,7
4,24,L,6
4,24,N,3
4,25,E,5
4,25,D,9
4,25,L,8
4,25,N,4
4,26,E,5
4,26,D,9
4,26,L,8
4,26,N,4
4,27,E,5
4,27,D,8
4,27,L,7
4,27,N,4
4,28,E,4
4,28,D,7
4,28,L,6
4,28,N,3
5,1,E,4
5,1,D,8
5,1,L,7
5,1,N,3
5,2,E,5
5,2,D,8
5,2,L,7
5,2,N,4
5,3,E,5
5,3,D,9
5,3,L,8
5,3,N,4
5,4,E,5
5,4,D,9
5,4,L,8
5,4,N,4
5,5,E,4
5,5,D,8
5,5,L,7
5,5,N,3
5,6,E,4
5,6,D,8
5,6,L,7
5,6,N,3
5,7,E,5
5,7,D,8
5,7,L,7
5,7,N,4
5,8,E,5
5,8,D,9
5,8,L,8
5,8,N,4
5,9,E,5
5,9,D,8
5,9,L,7
5,9,N,4
5,10,E,4
5,10,D,7
5,10,L,6
5,10,N,3
5,11,E,4
5,11,D,8
5,11,L,7
5,11,N,3
5,12,E,4
5,12,D,7
5,12,L,6
5,12,N,3
5,13,E,4
5,13,D,7
5,13,L,6
5,13,N,3
5,14,E,5
5,14,D,9
5,14,L,8
5,14,N,4
5,15,E,5
5,15,D,8
5,15,L,7
5,15,N,4
5,16,E,4
5,16,D,8
5,16,L,7
5,16,N,3
5,17,E,5
5,17,D,8
5,17,L,7
5,17,N,3
5,18,E,4
5,18,D,7
5,18,L,6
5,18,N,3
5,19,E,4
5,19,D,7
5,19,L,6
5,19,N,3
5,20,E,4
5,20,D,7
5,20,L,6
5,20,N,3
5,21,E,5
5,21,D,8
5,21,L,7
5,21,N,4
5,22,E,4
5,22,D,7
5,22,L,6
5,22,N,3
5,23,E,5
5,23,D,9
5,23,L,8
5,23,N,4
5,24,E,5
5,24,D,9
5,24,L,8
5,24,N,4
5,25,E,5
5,25,D,8
5,25,L,7
5,25,N,4
5,26,E,4
5,26,D,7
5,26,L,6
5,26,N,3
5,27,E,5
5,27,D,8
5,27,L,7
5,27,N,4
5,28,E,4
5,28,D,8
5,28,L,7
5,28,N,3
6,1,E,5
6,1,D,9
6,1,L,8
6,1,N,4
6,2,E,5
6,2,D,9
6,2,L,8
6,2,N,4
6,3,E,4
6,3,D,8
6,3,L,7
6,3,N,3
6,4,E,4
6,4,D,8
6,4,L,7
6,4,N,3
6,5,E,5
6,5,D,8
6,5,L,7
6,5,N,4
6,6,E,5
6,6,D,9
6,6,L,8
6,6,N,4
6,7,E,5
6,7,D,8
6,7,L,7
6,7,N,4
6,8,E,4
6,8,D,7
6,8,L,6
6,8,N,3
6,9,E,4
6,9,D,8
6,9,L,7
6,9,N,3
6,10,E,4
6,10,D,7
6,10,L,6
6,10,N,3
6,11,E,4
6,11,D,7
6,11,L,6
6,11,N,3
6,12,E,5
6,12,D,9
6,12,L,8
6,12,N,4
6,13,E,5
6,13,D,8
6,13,L,7
6,13,N,4
6,14,E,4
6,14,D,8
6,14,L,7
6,14,N,3
6,15,E,5
6,15,D,8
6,15,L,7
6,15,N,3
6,16,E,4
6,16,D,7
6,16,L,6
6,16,N,3
6,17,E,4
6,17,D,7
6,17,L,6
6,17,N,3
6,18,E,4
6,18,D,7
6,18,L,6
6,18,N,3
6,19,E,5
6,19,D,8
6,19,L,7
6,19,N,4
6,20,E,4
6,20,D,7
6,20,L,6
6,20,N,3
6,21,E,5
6,21,D,9
6,21,L,8
6,21,N,4
6,22,E,5
6,22,D,9
6,22,L,8
6,22,N,4
6,23,E,5
6,23,D,8
6,23,L,7
6,23,N,4
6,24,E,4
6,24,D,7
6,24,L,6
6,24,N,3
6,25,E,5
6,25,D,8
6,25,L,7
6,25,N,4
6,26,E,4
6,26,D,8
6,26,L,7
6,26,N,3
6,27,E,4
6,27,D,8
6,27,L,7
6,27,N,3
6,28,E,5
6,28,D,8
6,28,L,7
6,28,N,3
7,1,E,4
7,1,D,8
7,1,L,7
7,1,N,3
7,2,E,4
7,2,D,8
7,2,L,7
7,2,N,3
7,3,E,5
7,3,D,8
7,3,L,7
7,3,N,4
7,4,E,5
7,4,D,9
7,4,L,8
7,4,N,4
7,5,E,5
7,5,D,8
7,5,L,7
7,5,N,4
7,6,E,4
7,6,D,7
7,6,L,6
7,6,N,3
7,7,E,4
7,7,D,8
7,7,L,7
7,7,N,3
7,8,E,4
7,8,D,7
7,8,L,6
7,8,N,3
7,9,E,4
7,9,D,7
7,9,L,6
7,9,N,3
7,10,E,5
7,10,D,9
7,10,L,8
7,10,N,4
7,11,E,5
7,11,D,8
7,11,L,7
7,11,N,4
7,12,E,4
7,12,D,8
7,12,L,7
7,12,N,3
7,13,E,5
7,13,D,8
7,13,L,7
7,13,N,3
7,14,E,4
7,14,D,7
7,14,L,6
7,14,N,3
7,15,E,4
7,15,D,7
7,15,L,6
7,15,N,3
7,16,E,4
7,16,D,7
7,16,L,6
7,16,N,3
7,17,E,5
7,17,D,8
7,17,L,7
7,17,N,4
7,18,E,4
7,18,D,7
7,18,L,6
7,18,N,3
7,19,E,5
7,19,D,9
7,19,L,8
7,19,N,4
7,20,E,5
7,20,D,9
7,20,L,8
7,20,N,4
7,21,E,5
7,21,D,8
7,21,L,7
7,21,N,4
7,22,E,4
7,22,D,7
7,22,L,6
7,22,N,3
7,23,E,5
7,23,D,8
7,23,L,7
7,23,N,4
7,24,E,4
7,24,D,8
7,24,L,7
7,24,N,3
7,25,E,4
7,25,D,8
7,25,L,7
7,25,N,3
7,26,E,5
7,26,D,8
7,26,L,7
7,26,N,3
7,27,E,4
7,27,D,8
7,27,L,7
7,27,N,3
7,28,E,4
7,28,D,8
7,28,L,7
7,28,N,3
8,1,E,5
8,1,D,8
8,1,L,7
8,1,N,4
8,2,E,5
8,2,D,9
8,2,L,8
8,2,N,4
8,3,E,5
8,3,D,8
8,3,L,7
8,3,N,4
8,4,E,4
8,4,D,7
8,4,L,6
8,4,N,3
8,5,E,4
8,5,D,8
8,5,L,7
8,5,N,3
8,6,E,4
8,6,D,7
8,6,L,6
8,6,N,3
8,7,E,4
8,7,D,7
8,7,L,6
8,7,N,3
8,8,E,5
8,8,D,9
8,8,L,8
8,8,N,4
8,9,E,5
8,9,D,8
8,9,L,7
8,9,N,4
8,10,E,4
8,10,D,8
8,10,L,7
8,10,N,3
8,11,E,5
8,11,D,8
8,11,L,7
8,11,N,3
8,12,E,4
8,12,D,7
8,12,L,6
8,12,N,3
8,13,E,4
8,13,D,7
8,13,L,6
8,13,N,3
8,14,E,4
8,14,D,7
8,14,L,6
8,14,N,3
8,15,E,5
8,15,D,8
8,15,L,7
8,15,N,4
8,16,E,4
8,16,D,7
8,16,L,6
8,16,N,3
8,17,E,5
8,17,D,9
8,17,L,8
8,17,N,4
8,18,E,5
8,18,D,9
8,18,L,8
8,18,N,4
8,19,E,5
8,19,D,8
8,19,L,7
8,19,N,4
8,20,E,4
8,20,D,7
8,20,L,6
8,20,N,3
8,21,E,5
8,21,D,8
8,21,L,7
8,21,N,4
8,22,E,4
8,22,D,8
8,22,L,7
8,22,N,3
8,23,E,4
8,23,D,8
8,23,L,7
8,23,N,3
8,24,E,5
8,24,D,8
8,24,L,7
8,24,N,3
8,25,E,4
8,25,D,8
8,25,L,7
8,25,N,3
8,26,E,4
8,26,D,8
8,26,L,7
8,26,N,3
8,27,E,4
8,27,D,8
8,27,L,7
8,27,N,3
8,28,E,4
8,28,D,7
8,28,L,6
8,28,N,3
9,1,E,5
9,1,D,8
9,1,L,7
9,1,N,4
9,2,E,4
9,2,D,7
9,2,L,6
9,2,N,3
9,3,E,4
9,3,D,8
9,3,L,7
9,3,N,3
9,4,E,4
9,4,D,7
9,4,L,6
9,4,N,3
9,5,E,4
9,5,D,7
9,5,L,6
9,5,N,3
9,6,E,5
9,6,D,9
9,6,L,8
9,6,N,4
9,7,E,5
9,7,D,8
9,7,L,7
9,7,N,4
9,8,E,4
9,8,D,8
9,8,L,7
9,8,N,3
9,9,E,5
9,9,D,8
9,9,L,7
9,9,N,3
9,10,E,4
9,10,D,7
9,10,L,6
9,10,N,3
9,11,E,4
9,11,D,7
9,11,L,6
9,11,N,3
9,12,E,4
9,12,D,7
9,12,L,6
9,12,N,3
9,13,E,5
9,13,D,8
9,13,L,7
9,13,N,4
9,14,E,4
9,14,D,7
9,14,L,6
9,14,N,3
9,15,E,5
9,15,D,9
9,15,L,8
9,15,N,4
9,16,E,5
9,16,D,9
9,16,L,8
9,16,N,4
9,17,E,5
9,17,D,8
9,17,L,7
9,17,N,4
9,18,E,4
9,18,D,7
9,18,L,6
9,18,N,3
9,19,E,5
9,19,D,8
9,19,L,7
9,19,N,4
9,20,E,4
9,20,D,8
9,20,L,7
9,20,N,3
9,21,E,4
9,21,D,8
9,21,L,7
9,21,N,3
9,22,E,5
9,22,D,8
9,22,L,7
9,22,N,3
9,23,E,4
9,23,D,8
9,23,L,7
9,23,N,3
9,24,E,4
9,24,D,8
9,24,L,7
9,24,N,3
9,25,E,4
9,25,D,8
9,25,L,7
9,25,N,3
9,26,E,4
9,26,D,7
9,26,L,6
9,26,N,3
9,27,E,4
9,27,D,8
9,27,L,7
9,27,N,3
9,28,E,4
9,28,D,8
9,28,L,7
9,28,N,3
10,1,E,4
10,1,D,8
10,1,L,7
10,1,N,3
10,2,E,4
10,2,D,7
10,2,L,6
10,2,N,3
10,3,E,4
10,3,D,7
10,3,L,6
10,3,N,3
10,4,E,5
10,4,D,9
10,4,L,8
10,4,N,4
10,5,E,5
10,5,D,8
10,5,L,7
10,5,N,4
10,6,E,4
10,6,D,8
10,6,L,7
10,6,N,3
10,7,E,5
10,7,D,8
10,7,L,7
10,7,N,3
10,8,E,4
10,8,D,7
10,8,L,6
10,8,N,3
10,9,E,4
10,9,D,7
10,9,L,6
10,9,N,3
10,10,E,4
10,10,D,7
10,10,L,6
10,10,N,3
10,11,E,5
10,11,D,8
10,11,L,7
10,11,N,4
10,12,E,4
10,12,D,7
10,12,L,6
10,12,N,3
10,13,E,5
10,13,D,9
10,13,L,8
10,13,N,4
10,14,E,5
10,14,D,9
10,14,L,8
10,14,N,4
10,15,E,5
10,15,D,8
10,15,L,7
10,15,N,4
10,16,E,4
10,16,D,7
10,16,L,6
10,16,N,3
10,17,E,5
10,17,D,8
10,17,L,7
10,17,N,4
10,18,E,4
10,18,D,8
10,18,L,7
10,18,N,3
10,19,E,4
10,19,D,8
10,19,L,7
10,19,N,3
10,20,E,5
10,20,D,8
10,20,L,7
10,20,N,3
10,21,E,4
10,21,D,8
10,21,L,7
10,21,N,3
10,22,E,4
10,22,D,8
10,22,L,7
10,22,N,3
10,23,E,4
10,23,D,8
10,23,L,7
10,23,N,3
10,24,E,4
10,24,D,7
10,24,L,6
10,24,N,3
10,25,E,4
10,25,D,8
10,25,L,7
10,25,N,3
10,26,E,4
10,26,D,8
10,26,L,7
10,26,N,3
10,27,E,4
10,27,D,7
10,27,L,6
10,27,N,3
10,28,E,4
10,28,D,7
10,28,L,6
10,28,N,3
11,1,E,4
11,1,D,7
11,1,L,6
11,1,N,3
11,2,E,5
11,2,D,9
11,2,L,8
11,2,N,4
11,3,E,5
11,3,D,8
11,3,L,7
11,3,N,4
11,4,E,4
11,4,D,8
11,4,L,7
11,4,N,3
11,5,E,5
11,5,D,8
11,5,L,7
11,5,N,3
11,6,E,4
11,6,D,7
11,6,L,6
11,6,N,3
11,7,E,4
11,7,D,7
11,7,L,6
11,7,N,3
11,8,E,4
11,8,D,7
11,8,L,6
11,8,N,3
11,9,E,5
11,9,D,8
11,9,L,7
11,9,N,4
11,10,E,4
11,10,D,7
11,10,L,6
11,10,N,3
11,11,E,5
11,11,D,9
11,11,L,8
11,11,N,4
11,12,E,5
11,12,D,9
11,12,L,8
11,12,N,4
11,13,E,5
11,13,D,8
11,13,L,7
11,13,N,4
11,14,E,4
11,14,D,7
11,14,L,6
11,14,N,3
11,15,E,5
11,15,D,8
11,15,L,7
11,15,N,4
11,16,E,4
11,16,D,8
11,16,L,7
11,16,N,3
11,17,E,4
11,17,D,8
11,17,L,7
11,17,N,3
11,18,E,5
11,18,D,8
11,18,L,7
11,18,N,3
11,19,E,4
11,19,D,8
11,19,L,7
11,19,N,3
11,20,E,4
11,20,D,8
11,20,L,7
11,20,N,3
11,21,E,4
11,21,D,8
11,21,L,7
11,21,N,3
11,22,E,4
11,22,D,7
11,22,L,6
11,22,N,3
11,23,E,4
11,23,D,8
11,23,L,7
11,23,N,3
11,24,E,4
11,24,D,8
11,24,L,7
11,24,N,3
11,25,E,4
11,25,D,7
11,25,L,6
11,25,N,3
11,26,E,4
11,26,D,7
11,26,L,6
11,26,N,3
11,27,E,4
11,27,D,7
11,27,L,6
11,27,N,3
11,28,E,4
11,28,D,8
11,28,L,7
11,28,N,3
12,1,E,5
12,1,D,8
12,1,L,7
12,1,N,4
12,2,E,4
12,2,D,8
12,2,L,7
12,2,N,3
12,3,E,5
12,3,D,8
12,3,L,7
12,3,N,3
12,4,E,4
12,4,D,7
12,4,L,6
12,4,N,3
12,5,E,4
12,5,D,7
12,5,L,6
12,5,N,3
12,6,E,4
12,6,D,7
12,6,L,6
12,6,N,3
12,7,E,5
12,7,D,8
12,7,L,7
12,7,N,4
12,8,E,4
12,8,D,7
12,8,L,6
12,8,N,3
12,9,E,5
12,9,D,9
12,9,L,8
12,9,N,4
12,10,E,5
12,10,D,9
12,10,L,8
12,10,N,4
12,11,E,5
12,11,D,8
12,11,L,7
12,11,N,4
12,12,E,4
12,12,D,7
12,12,L,6
12,12,N,3
12,13,E,5
12,13,D,8
12,13,L,7
12,13,N,4
12,14,E,4
12,14,D,8
12,14,L,7
12,14,N,3
12,15,E,4
12,15,D,8
12,15,L,7
12,15,N,3
12,16,E,5
12,16,D,8
12,16,L,7
12,16,N,3
12,17,E,4
12,17,D,8
12,17,L,7
12,17,N,3
12,18,E,4
12,18,D,8
12,18,L,7
12,18,N,3
12,19,E,4
12,19,D,8
12,19,L,7
12,19,N,3
12,20,E,4
12,20,D,7
12,20,L,6
12,20,N,3
12,21,E,4
12,21,D,8
12,21,L,7
12,21,N,3
12,22,E,4
12,22,D,8
12,22,L,7
12,22,N,3
12,23,E,4
12,23,D,7
12,23,L,6
12,23,N,3
12,24,E,4
12,24,D,7
12,24,L,6
12,24,N,3
12,25,E,4
12,25,D,7
12,25,L,6
12,25,N,3
12,26,E,4
12,26,D,8
12,26,L,7
12,26,N,3
12,27,E,4
12,27,D,8
12,27,L,7
12,27,N,3
12,28,E,4
12,28,D,8
12,28,L,7
12,28,N,3
13,1,E,5
13,1,D,8
13,1,L,7
13,1,N,3
13,2,E,4
13,2,D,7
13,2,L,6
13,2,N,3
13,3,E,4
13,3,D,7
13,3,L,6
13,3,N,3
13,4,E,4
13,4,D,7
13,4,L,6
13,4,N,3
13,5,E,5
13,5,D,8
13,5,L,7
13,5,N,4
13,6,E,4
13,6,D,7
13,6,L,6
13,6,N,3
13,7,E,5
13,7,D,9
13,7,L,8
13,7,N,4
13,8,E,5
13,8,D,9
13,8,L,8
13,8,N,4
13,9,E,5
13,9,D,8
13,9,L,7
13,9,N,4
13,10,E,4
13,10,D,7
13,10,L,6
13,10,N,3
13,11,E,5
13,11,D,8
13,11,L,7
13,11,N,4
13,12,E,4
13,12,D,8
13,12,L,7
13,12,N,3
13,13,E,4
13,13,D,8
13,13,L,7
13,13,N,3
13,14,E,5
13,14,D,8
13,14,L,7
13,14,N,3
13,15,E,4
13,15,D,8
13,15,L,7
13,15,N,3
13,16,E,4
13,16,D,8
13,16,L,7
13,16,N,3
13,17,E,4
13,17,D,8
13,17,L,7
13,17,N,3
13,18,E,4
13,18,D,7
13,18,L,6
13,18,N,3
13,19,E,4
13,19,D,8
13,19,L,7
13,19,N,3
13,20,E,4
13,20,D,8
13,20,L,7
13,20,N,3
13,21,E,4
13,21,D,7
13,21,L,6
13,21,N,3
13,22,E,4
13,22,D,7
13,22,L,6
13,22,N,3
13,23,E,4
13,23,D,7
13,23,L,6
13,23,N,3
13,24,E,4
13,24,D,8
13,24,L,7
13,24,N,3
13,25,E,4
13,25,D,8
13,25,L,7
13,25,N,3
13,26,E,4
13,26,D,8
13,26,L,7
13,26,N,3
13,27,E,5
13,27,D,8
13,27,L,7
13,27,N,4
13,28,E,5
13,28,D,8
13,28,L,7
13,28,N,3
14,1,E,4
14,1,D,7
14,1,L,6
14,1,N,3
14,2,E,4
14,2,D,7
14,2,L,6
14,2,N,3
14,3,E,5
14,3,D,8
14,3,L,7
14,3,N,4
14,4,E,4
14,4,D,7
14,4,L,6
14,4,N,3
14,5,E,5
14,5,D,9
14,5,L,8
14,5,N,4
14,6,E,5
14,6,D,9
14,6,L,8
14,6,N,4
14,7,E,5
14,7,D,8
14,7,L,7
14,7,N,4
14,8,E,4
14,8,D,7
14,8,L,6
14,8,N,3
14,9,E,5
14,9,D,8
14,9,L,7
14,9,N,4
14,10,E,4
14,10,D,8
14,10,L,7
14,10,N,3
14,11,E,4
14,11,D,8
14,11,L,7
14,11,N,3
14,12,E,5
14,12,D,8
14,12,L,7
14,12,N,3
14,13,E,4
14,13,D,8
14,13,L,7
14,13,N,3
14,14,E,4
14,14,D,8
14,14,L,7
14,14,N,3
14,15,E,4
14,15,D,8
14,15,L,7
14,15,N,3
14,16,E,4
14,16,D,7
14,16,L,6
14,16,N,3
14,17,E,4
14,17,D,8
14,17,L,7
14,17,N,3
14,18,E,4
14,18,D,8
14,18,L,7
14,18,N,3
14,19,E,4
14,19,D,7
14,19,L,6
14,19,N,3
14,20,E,4
14,20,D,7
14,20,L,6
14,20,N,3
14,21,E,4
14,21,D,7
14,21,L,6
14,21,N,3
14,22,E,4
14,22,D,8
14,22,L,7
14,22,N,3
14,23,E,4
14,23,D,8
14,23,L,7
14,23,N,3
14,24,E,4
14,24,D,8
14,24,L,7
14,24,N,3
14,25,E,5
14,25,D,8
14,25,L,7
14,25,N,4
14,26,E,5
14,26,D,8
14,26,L,7
14,26,N,3
14,27,E,4
14,27,D,7
14,27,L,6
14,27,N,3
14,28,E,4
14,28,D,7
14,28,L,6
14,28,N,3
15,1,E,5
15,1,D,8
15,1,L,7
15,1,N,4
15,2,E,4
15,2,D,7
15,2,L,6
15,2,N,3
15,3,E,5
15,3,D,9
15,3,L,8
15,3,N,4
15,4,E,5
15,4,D,9
15,4,L,8
15,4,N,4
15,5,E,5
15,5,D,8
15,5,L,7
15,5,N,4
15,6,E,4
15,6,D,7
15,6,L,6
15,6,N,3
15,7,E,5
15,7,D,8
15,7,L,7
15,7,N,4
15,8,E,4
15,8,D,8
15,8,L,7
15,8,N,3
15,9,E,4
15,9,D,8
15,9,L,7
15,9,N,3
15,10,E,5
15,10,D,8
15,10,L,7
15,10,N,3
15,11,E,4
15,11,D,8
15,11,L,7
15,11,N,3
15,12,E,4
15,12,D,8
15,12,L,7
15,12,N,3
15,13,E,4
15,13,D,8
15,13,L,7
15,13,N,3
15,14,E,4
15,14,D,7
15,14,L,6
15,14,N,3
15,15,E,4
15,15,D,8
15,15,L,7
15,15,N,3
15,16,E,4
15,16,D,8
15,16,L,7
15,16,N,3
15,17,E,4
15,17,D,7
15,17,L,6
15,17,N,3
15,18,E,4
15,18,D,7
15,18,L,6
15,18,N,3
15,19,E,4
15,19,D,7
15,19,L,6
15,19,N,3
15,20,E,4
15,20,D,8
15,20,L,7
15,20,N,3
15,21,E,4
15,21,D,8
15,21,L,7
15,21,N,3
15,22,E,4
15,22,D,8
15,22,L,7
15,22,N,3
15,23,E,5
15,23,D,8
15,23,L,7
15,23,N,4
15,24,E,5
15,24,D,8
15,24,L,7
15,24,N,3
15,25,E,4
15,25,D,7
15,25,L,6
15,25,N,3
15,26,E,4
15,26,D,7
15,26,L,6
15,26,N,3
15,27,E,4
15,27,D,7
15,27,L,6
15,27,N,3
15,28,E,5
15,28,D,8
15,28,L,7
15,28,N,3
16,1,E,5
16,1,D,9
16,1,L,8
16,1,N,4
16,2,E,5
16,2,D,9
16,2,L,8
16,2,N,4
16,3,E,5
16,3,D,8
16,3,L,7
16,3,N,4
16,4,E,4
16,4,D,7
16,4,L,6
16,4,N,3
16,5,E,5
16,5,D,8
16,5,L,7
16,5,N,4
16,6,E,4
16,6,D,8
16,6,L,7
16,6,N,3
16,7,E,4
16,7,D,8
16,7,L,7
16,7,N,3
16,8,E,5
16,8,D,8
16,8,L,7
16,8,N,3
16,9,E,4
16,9,D,8
16,9,L,7
16,9,N,3
16,10,E,4
16,10,D,8
16,10,L,7
16,10,N,3
16,11,E,4
16,11,D,8
16,11,L,7
16,11,N,3
16,12,E,4
16,12,D,7
16,12,L,6
16,12,N,3
16,13,E,4
16,13,D,8
16,13,L,7
16,13,N,3
16,14,E,4
16,14,D,8
16,14,L,7
16,14,N,3
16,15,E,4
16,15,D,7
16,15,L,6
16,15,N,3
16,16,E,4
16,16,D,7
16,16,L,6
16,16,N,3
16,17,E,4
16,17,D,7
16,17,L,6
16,17,N,3
16,18,E,4
16,18,D,8
16,18,L,7
16,18,N,3
16,19,E,4
16,19,D,8
16,19,L,7
16,19,N,3
16,20,E,4
16,20,D,8
16,20,L,7
16,20,N,3
16,21,E,5
16,21,D,8
16,21,L,7
16,21,N,4
16,22,E,5
16,22,D,8
16,22,L,7
16,22,N,3
16,23,E,4
16,23,D,7
16,23,L,6
16,23,N,3
16,24,E,4
16,24,D,7
16,24,L,6
16,24,N,3
16,25,E,4
16,25,D,7
16,25,L,6
16,25,N,3
16,26,E,5
16,26,D,8
16,26,L,7
16,26,N,3
16,27,E,4
16,27,D,8
16,27,L,7
16,27,N,3
16,28,E,4
16,28,D,8
16,28,L,7
16,28,N,3
17,1,E,5
17,1,D,8
17,1,L,7
17,1,N,4
17,2,E,4
17,2,D,7
17,2,L,6
17,2,N,3
17,3,E,5
17,3,D,8
17,3,L,7
17,3,N,4
17,4,E,4
17,4,D,8
17,4,L,7
17,4,N,3
17,5,E,4
17,5,D,8
17,5,L,7
17,5,N,3
17,6,E,5
17,6,D,8
17,6,L,7
17,6,N,3
17,7,E,4
17,7,D,8
17,7,L,7
17,7,N,3
17,8,E,4
17,8,D,8
17,8,L,7
17,8,N,3
17,9,E,4
17,9,D,8
17,9,L,7
17,9,N,3
17,10,E,4
17,10,D,7
17,10,L,6
17,10,N,3
17,11,E,4
17,11,D,8
17,11,L,7
17,11,N,3
17,12,E,4
17,12,D,8
17,12,L,7
17,12,N,3
17,13,E,4
17,13,D,7
17,13,L,6
17,13,N,3
17,14,E,4
17,14,D,7
17,14,L,6
17,14,N,3
17,15,E,4
17,15,D,7
17,15,L,6
17,15,N,3
17,16,E,4
17,16,D,8
17,16,L,7
17,16,N,3
17,17,E,4
17,17,D,8
17,17,L,7
17,17,N,3
17,18,E,4
17,18,D,8
17,18,L,7
17,18,N,3
17,19,E,5
17,19,D,8
17,19,L,7
17,19,N,4
17,20,E,5
17,20,D,8
17,20,L,7
17,20,N,3
17,21,E,4
17,21,D,7
17,21,L,6
17,21,N,3
17,22,E,4
17,22,D,7
17,22,L,6
17,22,N,3
17,23,E,4
17,23,D,7
17,23,L,6
17,23,N,3
17,24,E,5
17,24,D,8
17,24,L,7
17,24,N,3
17,25,E,4
17,25,D,8
17,25,L,7
17,25,N,3
17,26,E,4
17,26,D,8
17,26,L,7
17,26,N,3
17,27,E,4
17,27,D,7
17,27,L,6
17,27,N,3
17,28,E,4
17,28,D,8
17,28,L,7
17,28,N,3
18,1,E,5
18,1,D,8
18,1,L,7
18,1,N,4
18,2,E,4
18,2,D,8
18,2,L,7
18,2,N,3
18,3,E,4
18,3,D,8
18,3,L,7
18,3,N,3
18,4,E,5
18,4,D,8
18,4,L,7
18,4,N,3
18,5,E,4
18,5,D,8
18,5,L,7
18,5,N,3
18,6,E,4
18,6,D,8
18,6,L,7
18,6,N,3
18,7,E,4
18,7,D,8
18,7,L,7
18,7,N,3
18,8,E,4
18,8,D,7
18,8,L,6
18,8,N,3
18,9,E,4
18,9,D,8
18,9,L,7
18,9,N,3
18,10,E,4
18,10,D,8
18,10,L,7
18,10,N,3
18,11,E,4
18,11,D,7
18,11,L,6
18,11,N,3
18,12,E,4
18,12,D,7
18,12,L,6
18,12,N,3
18,13,E,4
18,13,D,7
18,13,L,6
18,13,N,3
18,14,E,4
18,14,D,8
18,14,L,7
18,14,N,3
18,15,E,4
18,15,D,8
18,15,L,7
18,15,N,3
18,16,E,4
18,16,D,8
18,16,L,7
18,16,N,3
18,17,E,5
18,17,D,8
18,17,L,7
18,17,N,4
18,18,E,5
18,18,D,8
18,18,L,7
18,18,N,3
18,19,E,4
18,19,D,7
18,19,L,6
18,19,N,3
18,20,E,4
18,20,D,7
18,20,L,6
18,20,N,3
18,21,E,4
18,21,D,7
18,21,L,6
18,21,N,3
18,22,E,5
18,22,D,8
18,22,L,7
18,22,N,3
18,23,E,4
18,23,D,8
18,23,L,7
18,23,N,3
18,24,E,4
18,24,D,8
18,24,L,7
18,24,N,3
18,25,E,4
18,25,D,7
18,25,L,6
18,25,N,3
18,26,E,4
18,26,D,8
18,26,L,7
18,26,N,3
18,27,E,5
18,27,D,8
18,27,L,7
18,27,N,3
18,28,E,5
18,28,D,9
18,28,L,8
18,28,N,4
19,1,E,4
19,1,D,8
19,1,L,7
19,1,N,3
19,2,E,5
19,2,D,8
19,2,L,7
19,2,N,3
19,3,E,4
19,3,D,8
19,3,L,7
19,3,N,3
19,4,E,4
19,4,D,8
19,4,L,7
19,4,N,3
19,5,E,4
19,5,D,8
19,5,L,7
19,5,N,3
19,6,E,4
19,6,D,7
19,6,L,6
19,6,N,3
19,7,E,4
19,7,D,8
19,7,L,7
19,7,N,3
19,8,E,4
19,8,D,8
19,8,L,7
19,8,N,3
19,9,E,4
19,9,D,7
19,9,L,6
19,9,N,3
19,10,E,4
19,10,D,7
19,10,L,6
19,10,N,3
19,11,E,4
19,11,D,7
19,11,L,6
19,11,N,3
19,12,E,4
19,12,D,8
19,12,L,7
19,12,N,3
19,13,E,4
19,13,D,8
19,13,L,7
19,13,N,3
19,14,E,4
19,14,D,8
19,14,L,7
19,14,N,3
19,15,E,5
19,15,D,8
19,15,L,7
19,15,N,4
19,16,E,5
19,16,D,8
19,16,L,7
19,16,N,3
19,17,E,4
19,17,D,7
19,17,L,6
19,17,N,3
19,18,E,4
19,18,D,7
19,18,L,6
19,18,N,3
19,19,E,4
19,19,D,7
19,19,L,6
19,19,N,3
19,20,E,5
19,20,D,8
19,20,L,7
19,20,N,3
19,21,E,4
19,21,D,8
19,21,L,7
19,21,N,3
19,22,E,4
19,22,D,8
19,22,L,7
19,22,N,3
19,23,E,4
19,23,D,7
19,23,L,6
19,23,N,3
19,24,E,4
19,24,D,8
19,24,L,7
19,24,N,3
19,25,E,5
19,25,D,8
19,25,L,7
19,25,N,3
19,26,E,5
19,26,D,9
19,26,L,8
19,26,N,4
19,27,E,5
19,27,D,9
19,27,L,8
19,27,N,4
19,28,E,5
19,28,D,8
19,28,L,7
19,28,N,4
20,1,E,4
20,1,D,8
20,1,L,7
20,1,N,3
20,2,E,4
20,2,D,8
20,2,L,7
20,2,N,3
20,3,E,4
20,3,D,8
20,3,L,7
20,3,N,3
20,4,E,4
20,4,D,7
20,4,L,6
20,4,N,3
20,5,E,4
20,5,D,8
20,5,L,7
20,5,N,3
20,6,E,4
20,6,D,8
20,6,L,7
20,6,N,3
20,7,E,4
20,7,D,7
20,7,L,6
20,7,N,3
20,8,E,4
20,8,D,7
20,8,L,6
20,8,N,3
20,9,E,4
20,9,D,7
20,9,L,6
20,9,N,3
20,10,E,4
20,10,D,8
20,10,L,7
20,10,N,3
20,11,E,4
20,11,D,8
20,11,L,7
20,11,N,3
20,12,E,4
20,12,D,8
20,12,L,7
20,12,N,3
20,13,E,5
20,13,D,8
20,13,L,7
20,13,N,4
20,14,E,5
20,14,D,8
20,14,L,7
20,14,N,3
20,15,E,4
20,15,D,7
20,15,L,6
20,15,N,3
20,16,E,4
20,16,D,7
20,16,L,6
20,16,N,3
20,17,E,4
20,17,D,7
20,17,L,6
20,17,N,3
20,18,E,5
20,18,D,8
20,18,L,7
20,18,N,3
20,19,E,4
20,19,D,8
20,19,L,7
20,19,N,3
20,20,E,4
20,20,D,8
20,20,L,7
20,20,N,3
20,21,E,4
20,21,D,7
20,21,L,6
20,21,N,3
20,22,E,4
20,22,D,8
20,22,L,7
20,22,N,3
20,23,E,5
20,23,D,8
20,23,L,7
20,23,N,3
20,24,E,5
20,24,D,9
20,24,L,8
20,24,N,4
20,25,E,5
20,25,D,9
20,25,L,8
20,25,N,4
20,26,E,5
20,26,D,8
20,26,L,7
20,26,N,4
20,27,E,5
20,27,D,8
20,27,L,7
20,27,N,3
20,28,E,4
20,28,D,8
20,28,L,7
20,28,N,3
21,1,E,4
21,1,D,8
21,1,L,7
21,1,N,3
21,2,E,4
21,2,D,7
21,2,L,6
21,2,N,3
21,3,E,4
21,3,D,8
21,3,L,7
21,3,N,3
21,4,E,4
21,4,D,8
21,4,L,7
21,4,N,3
21,5,E,4
21,5,D,7
21,5,L,6
21,5,N,3
21,6,E,4
21,6,D,7
21,6,L,6
21,6,N,3
21,7,E,4
21,7,D,7
21,7,L,6
21,7,N,3
21,8,E,4
21,8,D,8
21,8,L,7
21,8,N,3
21,9,E,4
21,9,D,8
21,9,L,7
21,9,N,3
21,10,E,4
21,10,D,8
21,10,L,7
21,10,N,3
21,11,E,5
21,11,D,8
21,11,L,7
21,11,N,4
21,12,E,5
21,12,D,8
21,12,L,7
21,12,N,3
21,13,E,4
21,13,D,7
21,13,L,6
21,13,N,3
21,14,E,4
21,14,D,7
21,14,L,6
21,14,N,3
21,15,E,4
21,15,D,7
21,15,L,6
21,15,N,3
21,16,E,5
21,16,D,8
21,16,L,7
21,16,N,3
21,17,E,4
21,17,D,8
21,17,L,7
21,17,N,3
21,18,E,4
21,18,D,8
21,18,L,7
21,18,N,3
21,19,E,4
21,19,D,7
21,19,L,6
21,19,N,3
21,20,E,4
21,20,D,8
21,20,L,7
21,20,N,3
21,21,E,5
21,21,D,8
21,21,L,7
21,21,N,3
21,22,E,5
21,22,D,9
21,22,L,8
21,22,N,4
21,23,E,5
21,23,D,9
21,23,L,8
21,23,N,4
21,24,E,5
21,24,D,8
21,24,L,7
21,24,N,4
21,25,E,5
21,25,D,8
21,25,L,7
21,25,N,3
21,26,E,4
21,26,D,8
21,26,L,7
21,26,N,3
21,27,E,4
21,27,D,7
21,27,L,6
21,27,N,3
21,28,E,4
21,28,D,8
21,28,L,7
21,28,N,3
22,1,E,4
22,1,D,8
22,1,L,7
22,1,N,3
22,2,E,4
22,2,D,8
22,2,L,7
22,2,N,3
22,3,E,4
22,3,D,7
22,3,L,6
22,3,N,3
22,4,E,4
22,4,D,7
22,4,L,6
22,4,N,3
22,5,E,4
22,5,D,7
22,5,L,6
22,5,N,3
22,6,E,4
22,6,D,8
22,6,L,7
22,6,N,3
22,7,E,4
22,7,D,8
22,7,L,7
22,7,N,3
22,8,E,4
22,8,D,8
22,8,L,7
22,8,N,3
22,9,E,5
22,9,D,8
22,9,L,7
22,9,N,4
22,10,E,5
22,10,D,8
22,10,L,7
22,10,N,3
22,11,E,4
22,11,D,7
22,11,L,6
22,11,N,3
22,12,E,4
22,12,D,7
22,12,L,6
22,12,N,3
22,13,E,4
22,13,D,7
22,13,L,6
22,13,N,3
22,14,E,5
22,14,D,8
22,14,L,7
22,14,N,3
22,15,E,4
22,15,D,8
22,15,L,7
22,15,N,3
22,16,E,4
22,16,D,8
22,16,L,7
22,16,N,3
22,17,E,4
22,17,D,7
22,17,L,6
22,17,N,3
22,18,E,4
22,18,D,8
22,18,L,7
22,18,N,3
22,19,E,5
22,19,D,8
22,19,L,7
22,19,N,3
22,20,E,5
22,20,D,9
22,20,L,8
22,20,N,4
22,21,E,5
22,21,D,9
22,21,L,8
22,21,N,4
22,22,E,5
22,22,D,8
22,22,L,7
22,22,N,4
22,23,E,5
22,23,D,8
22,23,L,7
22,23,N,3
22,24,E,4
22,24,D,8
22,24,L,7
22,24,N,3
22,25,E,4
22,25,D,7
22,25,L,6
22,25,N,3
22,26,E,4
22,26,D,8
22,26,L,7
22,26,N,3
22,27,E,4
22,27,D,7
22,27,L,6
22,27,N,3
22,28,E,4
22,28,D,8
22,28,L,7
22,28,N,3
23,1,E,4
23,1,D,7
23,1,L,6
23,1,N,3
23,2,E,4
23,2,D,7
23,2,L,6
23,2,N,3
23,3,E,4
23,3,D,7
23,3,L,6
23,3,N,3
23,4,E,4
23,4,D,8
23,4,L,7
23,4,N,3
23,5,E,4
23,5,D,8
23,5,L,7
23,5,N,3
23,6,E,4
23,6,D,8
23,6,L,7
23,6,N,3
23,7,E,5
23,7,D,8
23,7,L,7
23,7,N,4
23,8,E,5
23,8,D,8
23,8,L,7
23,8,N,3
23,9,E,4
23,9,D,7
23,9,L,6
23,9,N,3
23,10,E,4
23,10,D,7
23,10,L,6
23,10,N,3
23,11,E,4
23,11,D,7
23,11,L,6
23,11,N,3
23,12,E,5
23,12,D,8
23,12,L,7
23,12,N,3
23,13,E,4
23,13,D,8
23,13,L,7
23,13,N,3
23,14,E,4
23,14,D,8
23,14,L,7
23,14,N,3
23,15,E,4
23,15,D,7
23,15,L,6
23,15,N,3
23,16,E,4
23,16,D,8
23,16,L,7
23,16,N,3
23,17,E,5
23,17,D,8
23,17,L,7
23,17,N,3
23,18,E,5
23,18,D,9
23,18,L,8
23,18,N,4
23,19,E,5
23,19,D,9
23,19,L,8
23,19,N,4
23,20,E,5
23,20,D,8
23,20,L,7
23,20,N,4
23,21,E,5
23,21,D,8
23,21,L,7
23,21,N,3
23,22,E,4
23,22,D,8
23,22,L,7
23,22,N,3
23,23,E,4
23,23,D,7
23,23,L,6
23,23,N,3
23,24,E,4
23,24,D,8
23,24,L,7
23,24,N,3
23,25,E,4
23,25,D,7
23,25,L,6
23,25,N,3
23,26,E,4
23,26,D,8
23,26,L,7
23,26,N,3
23,27,E,5
23,27,D,8
23,27,L,7
23,27,N,3
23,28,E,4
23,28,D,7
23,28,L,6
23,28,N,3
24,1,E,4
24,1,D,7
24,1,L,6
24,1,N,3
24,2,E,4
24,2,D,8
24,2,L,7
24,2,N,3
24,3,E,4
24,3,D,8
24,3,L,7
24,3,N,3
24,4,E,4
24,4,D,8
24,4,L,7
24,4,N,3
24,5,E,5
24,5,D,8
24,5,L,7
24,5,N,4
24,6,E,5
24,6,D,8
24,6,L,7
24,6,N,3
24,7,E,4
24,7,D,7
24,7,L,6
24,7,N,3
24,8,E,4
24,8,D,7
24,8,L,6
24,8,N,3
24,9,E,4
24,9,D,7
24,9,L,6
24,9,N,3
24,10,E,5
24,10,D,8
24,10,L,7
24,10,N,3
24,11,E,4
24,11,D,8
24,11,L,7
24,11,N,3
24,12,E,4
24,12,D,8
24,12,L,7
24,12,N,3
24,13,E,4
24,13,D,7
24,13,L,6
24,13,N,3
24,14,E,4
24,14,D,8
24,14,L,7
24,14,N,3
24,15,E,5
24,15,D,8
24,15,L,7
24,15,N,3
24,16,E,5
24,16,D,9
24,16,L,8
24,16,N,4
24,17,E,5
24,17,D,9
24,17,L,8
24,17,N,4
24,18,E,5
24,18,D,8
24,18,L,7
24,18,N,4
24,19,E,5
24,19,D,8
24,19,L,7
24,19,N,3
24,20,E,4
24,20,D,8
24,20,L,7
24,20,N,3
24,21,E,4
24,21,D,7
24,21,L,6
24,21,N,3
24,22,E,4
24,22,D,8
24,22,L,7
24,22,N,3
24,23,E,4
24,23,D,7
24,23,L,6
24,23,N,3
24,24,E,4
24,24,D,8
24,24,L,7
24,24,N,3
24,25,E,5
24,25,D,8
24,25,L,7
24,25,N,3
24,26,E,4
24,26,D,7
24,26,L,6
24,26,N,3
24,27,E,4
24,27,D,7
24,27,L,6
24,27,N,3
24,28,E,4
24,28,D,7
24,28,L,6
24,28,N,3
25,1,E,4
25,1,D,8
25,1,L,7
25,1,N,3
25,2,E,4
25,2,D,8
25,2,L,7
25,2,N,3
25,3,E,5
25,3,D,8
25,3,L,7
25,3,N,4
25,4,E,5
25,4,D,8
25,4,L,7
25,4,N,3
25,5,E,4
25,5,D,7
25,5,L,6
25,5,N,3
25,6,E,4
25,6,D,7
25,6,L,6
25,6,N,3
25,7,E,4
25,7,D,7
25,7,L,6
25,7,N,3
25,8,E,5
25,8,D,8
25,8,L,7
25,8,N,3
25,9,E,4
25,9,D,8
25,9,L,7
25,9,N,3
25,10,E,4
25,10,D,8
25,10,L,7
25,10,N,3
25,11,E,4
25,11,D,7
25,11,L,6
25,11,N,3
25,12,E,4
25,12,D,8
25,12,L,7
25,12,N,3
25,13,E,5
25,13,D,8
25,13,L,7
25,13,N,3
25,14,E,5
25,14,D,9
25,14,L,8
25,14,N,4
25,15,E,5
25,15,D,9
25,15,L,8
25,15,N,4
25,16,E,5
25,16,D,8
25,16,L,7
25,16,N,4
25,17,E,5
25,17,D,8
25,17,L,7
25,17,N,3
25,18,E,4
25,18,D,8
25,18,L,7
25,18,N,3
25,19,E,4
25,19,D,7
25,19,L,6
25,19,N,3
25,20,E,4
25,20,D,8
25,20,L,7
25,20,N,3
25,21,E,4
25,21,D,7
25,21,L,6
25,21,N,3
25,22,E,4
25,22,D,8
25,22,L,7
25,22,N,3
25,23,E,5
25,23,D,8
25,23,L,7
25,23,N,3
25,24,E,4
25,24,D,7
25,24,L,6
25,24,N,3
25,25,E,4
25,25,D,7
25,25,L,6
25,25,N,3
25,26,E,4
25,26,D,7
25,26,L,6
25,26,N,3
25,27,E,4
25,27,D,7
25,27,L,6
25,27,N,3
25,28,E,4
25,28,D,8
25,28,L,7
25,28,N,3
