name,nurses,days,scenarios,model_type,overtime_mode,fatigue_enabled,solve_time_sec,status,optimal,total_variables,binary_variables,total_constraints,objective_value,regular_shifts,overtime_shifts,emergency_shifts,total_shifts,max_fatigue,avg_fatigue
Small-SDM-Paper,5,7,3,SDM,Paper,False,0.03869295120239258,Optimal,True,633.0,0.0,574.0,15333.33333333333,0.0,0.0,230.0,230.0,,
Small-SDM-NSS,5,7,3,SDM,NSS,False,0.028875112533569336,Optimal,True,633.0,0.0,579.0,16199.999999999995,0.0,0.0,243.0,243.0,,
Small-CVaR-NSS,5,7,3,SDM-CVaR,NSS,False,0.02233600616455078,Infeasible,False,,,,,,,,,,
Small-Fatigue,5,7,3,SDM,NSS,True,0.046884775161743164,Optimal,True,1298.0,0.0,1839.0,15333.333333333336,0.0,0.0,230.0,230.0,0.0,0.0
Medium-SDM-NSS,10,14,5,SDM,NSS,False,0.14835524559020996,Optimal,True,2400.0,0.0,2260.0,20240.0,100.0,20.0,181.0,301.0,,
Medium-CVaR-NSS,10,14,5,SDM-CVaR,NSS,False,0.14399099349975586,Infeasible,False,,,,,,,,,,
Medium-Fatigue,10,14,5,SDM,NSS,True,0.4975550174713135,Optimal,True,5060.0,0.0,7300.0,30560.0,0.0,0.0,764.0,764.0,0.0,0.0
Large-SDM-NSS,20,28,10,SDM,NSS,False,0.6351470947265625,Optimal,True,9560.0,0.0,9040.0,41330.0,200.0,33.0,819.0,1052.0,,
Large-CVaR-NSS,20,28,10,SDM-CVaR,NSS,False,0.8123149871826172,Infeasible,False,,,,,,,,,,
