Test,Replication,Lower_Bound_Cost,Solver_Time_s
Ablation: DETERM,1,12240.062400000004,0.07800602912902832
Ablation: FULL-CVAR,1,12312.063399999997,0.04843330383300781
Ablation: FULL-FAIR,1,12192.077400000002,0.0684499740600586
Ablation: FULL-FAT,1,12376.063400000005,0.05621075630187988
Ablation: FULL,1,12376.063400000003,0.057019710540771484
Robustness Seed: 42,1,12376.063400000003,0.05517697334289551
Robustness Seed: 153,1,12512.075400000002,0.06558895111083984
Robustness Seed: 264,1,9928.062700000004,0.059835195541381836
Robustness Seed: 375,1,11752.0632,0.059346914291381836
Robustness Seed: 486,1,12500.065399999998,0.05138707160949707
Sensitivity: F_bar=8,1,12376.063400000003,0.05322599411010742
Sensitivity: F_bar=12,1,12376.063400000003,0.055359840393066406
Sensitivity: F_bar=16,1,12376.063400000003,0.09710216522216797
Sensitivity: F_bar=20,1,12376.063400000003,0.05234098434448242
Sensitivity: alpha=0.8,1,12376.063400000003,0.05312395095825195
Sensitivity: alpha=0.85,1,12376.063400000003,0.054033756256103516
Sensitivity: alpha=0.9,1,12376.063400000003,0.05378079414367676
Sensitivity: alpha=0.95,1,12376.063400000003,0.05295276641845703
Sensitivity: tau=50,1,12376.063400000003,0.053781986236572266
Sensitivity: tau=100,1,12376.063400000003,0.05547213554382324
Sensitivity: tau=150,1,12376.063400000003,0.0565791130065918
Sensitivity: tau=200,1,12376.063400000003,0.055722951889038086
Sensitivity: W_bar=8,1,12376.063400000003,0.054791927337646484
Sensitivity: W_bar=10,1,12376.063400000003,0.05300307273864746
Sensitivity: W_bar=12,1,12376.063400000003,0.09441995620727539
Sensitivity: W_bar=14,1,12376.063400000003,0.05733489990234375
Sensitivity: N_bar=2,1,12376.063400000003,0.052926063537597656
Sensitivity: N_bar=3,1,12376.063400000003,0.0540158748626709
Sensitivity: N_bar=4,1,12376.063400000003,0.05229902267456055
Sensitivity: N_bar=5,1,12376.063400000003,0.053826093673706055
Sensitivity: Delta_W=1,1,12920.050100000002,0.06454300880432129
Sensitivity: Delta_W=2,1,12376.063400000003,0.05628800392150879
Sensitivity: Delta_W=3,1,12272.0684,0.06112813949584961
Sensitivity: Delta_W=4,1,12272.068400000002,0.061856985092163086
Sensitivity: Delta_N=1,1,12376.063400000003,0.05315899848937988
Sensitivity: Delta_N=2,1,12376.0634,0.05991077423095703
Sensitivity: Delta_N=3,1,12376.0634,0.09794092178344727
Sensitivity: a_bar=1,1,12376.063400000003,0.057717084884643555
Sensitivity: a_bar=2,1,12376.063400000003,0.05343174934387207
Sensitivity: a_bar=3,1,12376.063400000003,0.05261111259460449
Sensitivity: a_bar=4,1,12376.063400000003,0.05314826965332031
Sensitivity: CostRatio=Standard,1,12376.063400000003,0.05465102195739746
Sensitivity: CostRatio=High Emg,1,19652.0634,0.05332589149475098
Sensitivity: CostRatio=High Unmet,1,12376.063400000001,0.053444862365722656
Scalability: Small Unit,1,13080.035500000004,0.04018831253051758
Scalability: General ICU,1,13464.083500000002,0.07320284843444824
Scalability: Emergency Ward,1,16532.120400000014,0.1991899013519287
