outcome,factor,F_statistic,p_value,eta_squared,significant
total_cost,lambda,191.9625301061829,4.5957039599701435e-77,0.159442279394902,***
total_cost,weight,26.184215237075588,5.928763193258507e-12,0.025221164849916544,***
total_cost,threshold,160.15006870719085,2.70185911006046e-65,0.13662932160540397,***
total_cost,demand_level,553.9034469065675,1.3820342331704794e-192,0.35372771418365595,***
patient_safety_cost,lambda,368.7287235543648,2.8380411290643794e-137,0.26705370668697215,***
patient_safety_cost,weight,329.4070835843988,1.416955183716084e-124,0.2455683197260179,***
patient_safety_cost,threshold,413.7869258255705,2.1847166278665177e-151,0.290216524173818,***
patient_safety_cost,demand_level,355.9885680739679,3.3668279486370617e-133,0.2602277360951743,***
max_fatigue,lambda,163.47122114185126,1.5421755349900162e-66,0.13906867152651797,***
max_fatigue,weight,0.28652363108876294,0.7508997854639691,0.00028304597996719707,ns
max_fatigue,threshold,3914.371503238041,0.0,0.7945749728101454,***
max_fatigue,demand_level,54.32750730918902,1.0408275012323773e-23,0.050948237700705064,***
avg_fatigue,lambda,708.8238485249184,4.7580110356992486e-234,0.4119095915206654,***
avg_fatigue,weight,2.546187052730611,0.07863099505349166,0.00250968076685332,ns
avg_fatigue,threshold,1225.5763402505447,0.0,0.5477249281753286,***
avg_fatigue,demand_level,210.97643922799185,5.964460708677159e-84,0.17251063263424066,***
