Parameter Swept,Value,Expected Cost,Optimality Gap,VaR (η),Tail Risk (z),W_std,N_std,Solver Time (s),Total Time (s)
F_bar,8,12562.4,186.3365999999969,100.0,0.0,0.7367883976130073,0.5163977794943222,0.05322599411010742,0.11153912544250488
F_bar,12,12562.4,186.3365999999969,100.0,0.0,0.7367883976130073,0.5163977794943222,0.055359840393066406,0.1138148307800293
F_bar,16,12562.4,186.3365999999969,100.0,0.0,0.7367883976130073,0.5163977794943222,0.09710216522216797,0.15525102615356445
F_bar,20,12562.4,186.3365999999969,100.0,0.0,0.7367883976130073,0.5163977794943222,0.05234098434448242,0.1087489128112793
alpha,0.8,12562.4,186.3365999999969,100.0,0.0,0.7367883976130073,0.5163977794943222,0.05312395095825195,0.10980391502380371
alpha,0.85,12562.4,186.3365999999969,100.0,0.0,0.7367883976130073,0.5163977794943222,0.054033756256103516,0.11053323745727539
alpha,0.9,12562.4,186.3365999999969,100.0,0.0,0.7367883976130073,0.5163977794943222,0.05378079414367676,0.11179900169372559
alpha,0.95,12562.4,186.3365999999969,100.0,0.0,0.7367883976130073,0.5163977794943222,0.05295276641845703,0.1109769344329834
tau,50,12562.4,186.3365999999969,50.0,0.0,0.7367883976130073,0.5163977794943222,0.053781986236572266,0.11139917373657227
tau,100,12562.4,186.3365999999969,100.0,0.0,0.7367883976130073,0.5163977794943222,0.05547213554382324,0.11282587051391602
tau,150,12562.4,186.3365999999969,150.0,0.0,0.7367883976130073,0.5163977794943222,0.0565791130065918,0.11374020576477051
tau,200,12562.4,186.3365999999969,200.0,0.0,0.7367883976130073,0.5163977794943222,0.055722951889038086,0.1173710823059082
W_bar,8,12562.4,186.3365999999969,100.0,0.0,0.7367883976130073,0.5163977794943222,0.054791927337646484,0.11449599266052246
W_bar,10,12562.4,186.3365999999969,100.0,0.0,0.7367883976130073,0.5163977794943222,0.05300307273864746,0.11471891403198242
W_bar,12,12562.4,186.3365999999969,100.0,0.0,0.7367883976130073,0.5163977794943222,0.09441995620727539,0.15419864654541016
W_bar,14,12562.4,186.3365999999969,100.0,0.0,0.7367883976130073,0.5163977794943222,0.05733489990234375,0.11503815650939941
N_bar,2,12562.4,186.3365999999969,100.0,0.0,0.7367883976130073,0.5163977794943222,0.052926063537597656,0.11133909225463867
N_bar,3,12562.4,186.3365999999969,100.0,0.0,0.7367883976130073,0.5163977794943222,0.0540158748626709,0.1114039421081543
N_bar,4,12562.4,186.3365999999969,100.0,0.0,0.7367883976130073,0.5163977794943222,0.05229902267456055,0.10994195938110352
N_bar,5,12562.4,186.3365999999969,100.0,0.0,0.7367883976130073,0.5163977794943222,0.053826093673706055,0.11034393310546875
Delta_W,1,13074.4,154.34989999999743,100.0,0.0,0.35186577527449836,0.4577377082170635,0.06454300880432129,0.12345480918884277
Delta_W,2,12562.4,186.3365999999969,100.0,0.0,0.7367883976130073,0.5163977794943222,0.05628800392150879,0.11345982551574707
Delta_W,3,12420.0,147.9315999999999,100.0,0.0,0.915475416434127,0.48795003647426666,0.06112813949584961,0.11908483505249023
Delta_W,4,12420.0,147.93159999999807,100.0,0.0,0.915475416434127,0.48795003647426666,0.061856985092163086,0.1192171573638916
Delta_N,1,12562.4,186.3365999999969,100.0,0.0,0.7367883976130073,0.5163977794943222,0.05315899848937988,0.1120460033416748
Delta_N,2,12562.4,186.33660000000054,100.0,0.0,0.7367883976130073,0.5163977794943222,0.05991077423095703,0.11616301536560059
Delta_N,3,12562.4,186.33660000000054,100.0,0.0,0.7367883976130073,0.5163977794943222,0.09794092178344727,0.1540670394897461
a_bar,1,12562.4,186.3365999999969,100.0,0.0,0.7367883976130073,0.5163977794943222,0.057717084884643555,0.11500406265258789
a_bar,2,12562.4,186.3365999999969,100.0,0.0,0.7367883976130073,0.5163977794943222,0.05343174934387207,0.10996603965759277
a_bar,3,12562.4,186.3365999999969,100.0,0.0,0.7367883976130073,0.5163977794943222,0.05261111259460449,0.11084699630737305
a_bar,4,12562.4,186.3365999999969,100.0,0.0,0.7367883976130073,0.5163977794943222,0.05314826965332031,0.1098780632019043
Cost Ratio,Standard,12562.4,186.3365999999969,100.0,0.0,0.7367883976130073,0.5163977794943222,0.05465102195739746,0.1124579906463623
Cost Ratio,High Emg,20024.8,372.7366000000002,100.0,0.0,0.7367883976130073,0.5163977794943222,0.05332589149475098,0.11037206649780273
Cost Ratio,High Unmet,12562.4,186.33659999999873,100.0,0.0,0.7367883976130073,0.5163977794943222,0.053444862365722656,0.11121487617492676
